[
  {
    "function": "minecraft:set_name",
    "entity": "this",
    "name": [
      {
        "text": "獵槍",
        "color": "light_purple",
        "bold": true,
        "italic": false
      },
      {
        "text": "(命中 ",
        "color": "white",
        "bold": false,
        "italic": false
      },
      {
        "selector": "@p[tag=correctStare]",
        "color": "green",
        "bold": true,
        "italic": false
      },
      {
        "text": ")",
        "color": "white",
        "bold": false,
        "italic": false
      }
    ]
  }
]
