{
  "condition": "minecraft:entity_properties",
  "entity": "this",
  "predicate": {
    "equipment": {
      "head": {
        "items": [
          "minecraft:diamond_helmet"
        ],
        "nbt": "{invis:1b}"
      },
      "chest": {
        "items": [
          "minecraft:diamond_chestplate"
        ],
        "nbt": "{invis:1b}"
      },
      "legs": {
        "items": [
          "minecraft:diamond_leggings"
        ],
        "nbt": "{invis:1b}"
      },
      "feet": {
        "items": [
          "minecraft:diamond_boots"
        ],
        "nbt": "{invis:1b}"
      }
    }
  }
}