{
  "condition": "minecraft:entity_properties",
  "entity": "this",
  "predicate": {
    "equipment": {
      "head": {
        "items": [
          "minecraft:player_head",
          "minecraft:air"
        ]
      },
      "chest": {
        "items": [
          "minecraft:leather_chestplate"
        ]
      },
      "legs": {
        "items": [
          "minecraft:leather_leggings"
        ]
      },
      "feet": {
        "items": [
          "minecraft:leather_boots"
        ]
      }
    }
  }
}
