{
	"condition": "minecraft:any_of",
	"terms": [
		{
			"condition": "minecraft:entity_scores",
			"entity": "this",
			"scores": {
				"Akit_score": {
					"min": 1,
					"max": 1
				}
			}
		},
		{
			"condition": "minecraft:entity_scores",
			"entity": "this",
			"scores": {
				"Akit_score": {
					"min": 11,
					"max": 11
				}
			}
		},
		{
			"condition": "minecraft:entity_scores",
			"entity": "this",
			"scores": {
				"Akit_score": {
					"min": 21,
					"max": 21
				}
			}
		},
		{
			"condition": "minecraft:entity_scores",
			"entity": "this",
			"scores": {
				"Akit_score": {
					"min": 31,
					"max": 31
				}
			}
		},
		{
			"condition": "minecraft:entity_scores",
			"entity": "this",
			"scores": {
				"Akit_score": {
					"min": 41,
					"max": 41
				}
			}
		},
		{
			"condition": "minecraft:entity_scores",
			"entity": "this",
			"scores": {
				"Akit_score": {
					"min": 51,
					"max": 51
				}
			}
		},
		{
			"condition": "minecraft:entity_scores",
			"entity": "this",
			"scores": {
				"Akit_score": {
					"min": 61,
					"max": 61
				}
			}
		},
		{
			"condition": "minecraft:entity_scores",
			"entity": "this",
			"scores": {
				"Akit_score": {
					"min": 71,
					"max": 71
				}
			}
		},
		{
			"condition": "minecraft:entity_scores",
			"entity": "this",
			"scores": {
				"Akit_score": {
					"min": 81,
					"max": 81
				}
			}
		},
		{
			"condition": "minecraft:entity_scores",
			"entity": "this",
			"scores": {
				"Akit_score": {
					"min": 91,
					"max": 91
				}
			}
		},
		{
			"condition": "minecraft:entity_scores",
			"entity": "this",
			"scores": {
				"Akit_score": {
					"min": 101,
					"max": 101
				}
			}
		},
		{
			"condition": "minecraft:entity_scores",
			"entity": "this",
			"scores": {
				"Akit_score": {
					"min": 111,
					"max": 111
				}
			}
		},
		{
			"condition": "minecraft:entity_scores",
			"entity": "this",
			"scores": {
				"Akit_score": {
					"min": 121,
					"max": 121
				}
			}
		},
		{
			"condition": "minecraft:entity_scores",
			"entity": "this",
			"scores": {
				"Akit_score": {
					"min": 131,
					"max": 131
				}
			}
		},
		{
			"condition": "minecraft:entity_scores",
			"entity": "this",
			"scores": {
				"Akit_score": {
					"min": 140,
					"max": 140
				}
			}
		}
	]
}