{
	"pools": [
		{
			"rolls": {
				"min": 1,
				"max": 2
			},
			"entries": [
				{
					"type": "minecraft:item",
					"name": "minecraft:cooked_beef",
					"weight": 4,
					"functions": [
						{
							"function": "minecraft:set_count",
							"count": {
								"min": 2,
								"max": 4
							}
						},
						{
							"function": "minecraft:set_lore",
							"lore": [
								{
									"text": "§7補充2%體力"
								}
							],
							"mode": "append"
						}
					]
				},
				{
					"type": "minecraft:item",
					"name": "minecraft:golden_apple",
					"weight": 2,
					"functions": [
						{
							"function": "minecraft:set_count",
							"count": {
								"min": 1,
								"max": 3
							}
						},
						{
							"function": "minecraft:set_lore",
							"lore": [
								{
									"text": "§7補充5%體力"
								}
							],
							"mode": "append"
						}
					]
				},
				{
					"type": "minecraft:item",
					"name": "minecraft:emerald",
					"weight": 2,
					"functions": [
						{
							"function": "minecraft:set_count",
							"count": {
								"min": 5,
								"max": 10
							}
						}
					]
				},
				{
					"type": "minecraft:item",
					"name": "minecraft:arrow",
					"weight": 4,
					"functions": [
						{
							"function": "minecraft:set_count",
							"count": {
								"min": 10,
								"max": 15
							}
						}
					]
				},
				{
					"type": "minecraft:item",
					"name": "minecraft:book",
					"weight": 3,
					"functions": [
						{
							"function": "minecraft:set_count",
							"count": {
								"min": 1,
								"max": 3
							}
						}
					]
				},
				{
					"type": "minecraft:item",
					"name": "minecraft:bookshelf",
					"weight": 2,
					"functions": [
						{
							"function": "minecraft:set_count",
							"count": {
								"min": 1,
								"max": 2
							}
						}
					]
				},
				{
					"type": "minecraft:item",
					"name": "minecraft:shield",
					"weight": 1,
					"functions": [
						{
							"function": "minecraft:set_count",
							"count": 1
						}
					]
				},
				{
					"type": "minecraft:item",
					"name": "minecraft:bow",
					"weight": 1,
					"functions": [
						{
							"function": "minecraft:set_count",
							"count": 1
						}
					]
				},
				{
					"type": "minecraft:item",
					"name": "minecraft:spectral_arrow",
					"weight": 3,
					"functions": [
						{
							"function": "minecraft:set_count",
							"count": {
								"min": 5,
								"max": 10
							}
						}
					]
				},
				{
					"type": "minecraft:item",
					"name": "minecraft:lapis_lazuli",
					"weight": 4,
					"functions": [
						{
							"function": "minecraft:set_count",
							"count": {
								"min": 5,
								"max": 10
							}
						}
					]
				},
				{
					"type": "minecraft:item",
					"name": "minecraft:tipped_arrow",
					"weight": 2,
					"functions": [
						{
							"function": "minecraft:set_count",
							"count": {
								"min": 5,
								"max": 8
							}
						},
						{
							"function": "minecraft:set_potion",
							"id": "minecraft:poison"
						}
					]
				},
				{
					"type": "minecraft:item",
					"name": "minecraft:tipped_arrow",
					"weight": 2,
					"functions": [
						{
							"function": "minecraft:set_count",
							"count": {
								"min": 5,
								"max": 8
							}
						},
						{
							"function": "minecraft:set_potion",
							"id": "minecraft:harming"
						}
					]
				},
				{
					"type": "minecraft:item",
					"name": "minecraft:snowball",
					"weight": 2,
					"functions": [
						{
							"function": "minecraft:set_count",
							"count": {
								"min": 1,
								"max": 4
							}
						},
						{
							"function": "minecraft:set_name",
							"target": "custom_name",
							"name": "§f手榴彈"
						},
						{
							"function": "minecraft:set_lore",
							"lore": [
								{
									"text": "§7點擊右鍵扔出"
								}
							],
							"mode": "append"
						}
					]
				},
				{
					"type": "minecraft:item",
					"name": "minecraft:egg",
					"weight": 3,
					"functions": [
						{
							"function": "minecraft:set_count",
							"count": {
								"min": 1,
								"max": 3
							}
						},
						{
							"function": "minecraft:set_name",
							"target": "custom_name",
							"name": "§f火焰彈"
						},
						{
							"function": "minecraft:set_lore",
							"lore": [
								{
									"text": "§7點擊右鍵扔出"
								}
							],
							"mode": "append"
						}
					]
				},
				{
					"type": "minecraft:item",
					"name": "minecraft:tnt",
					"weight": 2,
					"functions": [
						{
							"function": "minecraft:set_count",
							"count": {
								"min": 3,
								"max": 6
							}
						},
						{
							"function": "minecraft:set_lore",
							"lore": [
								{
									"text": "§7點擊右鍵放置"
								}
							],
							"mode": "append"
						}
					]
				},
				{
					"type": "minecraft:item",
					"name": "minecraft:armor_stand",
					"weight": 2,
					"functions": [
						{
							"function": "minecraft:set_count",
							"count": {
								"min": 2,
								"max": 4
							}
						},
						{
							"function": "minecraft:set_name",
							"target": "custom_name",
							"name": "§f地雷"
						},
						{
							"function": "minecraft:set_lore",
							"lore": [
								{
									"text": "§7對著地上點擊右鍵放置"
								}
							],
							"mode": "append"
						},
						{
							"function": "minecraft:set_components",
							"components": {
								"minecraft:entity_data": {
									"id": "minecraft:armor_stand",
									"NoGravity": true,
									"Invulnerable": true,
									"Invisible": true,
									"Tags": ["landmine_point"]
								}
							}
						}
					]
				}
			]
		}
	]
}